polygon_origin,polygon_destination,polygon_origin_name,polygon_destination_name,total,mañana_total,tarde_total,noche_total,madrugada_total,2024-11-01,2024-11-02,2024-11-03,2024-11-04,2024-11-05,2024-11-06,2024-11-07,2024-11-08,2025-06-01,2025-06-02,2025-06-03,2025-06-04,2025-06-05,2025-06-06,2025-06-07,2025-06-08
0900300010006,0900300010012,ATLÁNTIDA,SAN LUCAS,1,0,1,0,0,0,0,0,1,0,0,0,0,0,0,0,0,0,0,0,0
0900300010006,0900300010032,ATLÁNTIDA,CIUDAD JARDÍN,1,0,0,0,1,0,0,0,0,0,0,0,0,0,0,0,1,0,0,0,0
0900300010006,0900300010104,ATLÁNTIDA,EL ROSEDAL,1,1,0,0,0,0,1,0,0,0,0,0,0,0,0,0,0,0,0,0,0
0900300010007,0900300010029,AVANTE,EL CENTINELA,2,1,0,0,1,0,0,0,1,0,0,1,0,0,0,0,0,0,0,0,0
0900300010007,0900300010097,AVANTE,DE LOS REYES,1,1,0,0,0,0,0,0,1,0,0,0,0,0,0,0,0,0,0,0,0
0900300010007,0900300010098,AVANTE,SAN PABLO TEPETLAPA,2,1,1,0,0,0,0,1,0,0,0,0,0,0,1,0,0,0,0,0,0
0900300010008,0900300010012,LA CONCEPCIÓN,SAN LUCAS,2,0,1,1,0,0,1,0,0,0,1,0,0,0,0,0,0,0,0,0,0
0900300010008,0900300010014,LA CONCEPCIÓN,SANTA CATARINA,1,1,0,0,0,0,0,1,0,0,0,0,0,0,0,0,0,0,0,0,0
0900300010008,0900300010099,LA CONCEPCIÓN,DE SANTA ÚRSULA COAPA,1,1,0,0,0,0,0,0,1,0,0,0,0,0,0,0,0,0,0,0,0
0900300010008,0900300010104,LA CONCEPCIÓN,EL ROSEDAL,2,2,0,0,0,1,0,0,0,0,1,0,0,0,0,0,0,0,0,0,0
0900300010008,0900300010114,LA CONCEPCIÓN,VILLA COYOACÁN,1,0,0,1,0,1,0,0,0,0,0,0,0,0,0,0,0,0,0,0,0
0900300010008,0901500010007,LA CONCEPCIÓN,CENTRO,2,2,0,0,0,1,0,0,0,0,0,1,0,0,0,0,0,0,0,0,0
0900300010008,0901500010026,LA CONCEPCIÓN,ROMA SUR,3,2,0,0,1,0,0,0,0,0,0,0,0,3,0,0,0,0,0,0,0
0900300010012,0900300010008,SAN LUCAS,LA CONCEPCIÓN,3,2,0,0,1,1,0,0,1,0,0,1,0,0,0,0,0,0,0,0,0
0900300010012,0900300010054,SAN LUCAS,DEL CARMEN,2,2,0,0,0,0,0,0,0,0,0,1,0,0,0,1,0,0,0,0,0
0900300010012,0900300010087,SAN LUCAS,PARQUE SAN ANDRÉS,3,2,1,0,0,1,1,1,0,0,0,0,0,0,0,0,0,0,0,0,0
0900300010012,0901300010013,SAN LUCAS,SAN CRISTÓBAL,1,1,0,0,0,0,0,0,0,0,1,0,0,0,0,0,0,0,0,0,0
0900300010012,0901300010019,SAN LUCAS,SAN PEDRO,1,0,0,1,0,0,0,0,1,0,0,0,0,0,0,0,0,0,0,0,0
0900300010012,0901500010007,SAN LUCAS,CENTRO,1,1,0,0,0,0,0,0,0,1,0,0,0,0,0,0,0,0,0,0,0
0900300010014,0900300010008,SANTA CATARINA,LA CONCEPCIÓN,2,2,0,0,0,0,1,1,0,0,0,0,0,0,0,0,0,0,0,0,0
0900300010014,0900300010054,SANTA CATARINA,DEL CARMEN,1,0,0,0,1,0,0,0,0,1,0,0,0,0,0,0,0,0,0,0,0
0900300010014,0900300010114,SANTA CATARINA,VILLA COYOACÁN,1,1,0,0,0,0,0,0,0,1,0,0,0,0,0,0,0,0,0,0,0
0900300010014,0901500010025,SANTA CATARINA,ROMA NORTE,1,0,0,1,0,0,0,0,0,0,0,1,0,0,0,0,0,0,0,0,0
0900300010023,0900300010087,LA CANDELARIA,PARQUE SAN ANDRÉS,1,1,0,0,0,0,0,0,0,0,0,0,1,0,0,0,0,0,0,0,0
0900300010023,0900300010097,LA CANDELARIA,DE LOS REYES,3,2,1,0,0,0,0,0,1,0,0,0,0,0,0,1,0,1,0,0,0
0900300010023,0900300010104,LA CANDELARIA,EL ROSEDAL,3,2,0,0,1,0,1,0,0,1,0,0,0,0,0,0,0,1,0,0,0
0900300010023,0901500010010,LA CANDELARIA,CUAUHTÉMOC,1,1,0,0,0,0,0,0,1,0,0,0,0,0,0,0,0,0,0,0,0
0900300010023,0901500010018,LA CANDELARIA,JUÁREZ,1,1,0,0,0,0,0,1,0,0,0,0,0,0,0,0,0,0,0,0,0
0900300010029,0900300010099,EL CENTINELA,DE SANTA ÚRSULA COAPA,1,0,0,0,1,0,0,1,0,0,0,0,0,0,0,0,0,0,0,0,0
0900300010032,0900300010006,CIUDAD JARDÍN,ATLÁNTIDA,1,1,0,0,0,0,0,0,0,0,0,1,0,0,0,0,0,0,0,0,0
0900300010032,0900300010008,CIUDAD JARDÍN,LA CONCEPCIÓN,1,1,0,0,0,0,1,0,0,0,0,0,0,0,0,0,0,0,0,0,0
0900300010032,0900300010023,CIUDAD JARDÍN,LA CANDELARIA,1,0,0,0,1,0,0,0,0,0,0,0,0,0,0,0,1,0,0,0,0
0900300010032,0900300010087,CIUDAD JARDÍN,PARQUE SAN ANDRÉS,2,1,0,0,1,0,0,1,0,0,0,0,1,0,0,0,0,0,0,0,0
0900300010032,0901500010007,CIUDAD JARDÍN,CENTRO,1,1,0,0,0,1,0,0,0,0,0,0,0,0,0,0,0,0,0,0,0
0900300010054,0900300010012,DEL CARMEN,SAN LUCAS,3,2,1,0,0,0,0,0,0,1,0,0,1,0,0,0,1,0,0,0,0
0900300010054,0900300010014,DEL CARMEN,SANTA CATARINA,2,2,0,0,0,0,0,0,0,2,0,0,0,0,0,0,0,0,0,0,0
0900300010054,0900300010097,DEL CARMEN,DE LOS REYES,1,1,0,0,0,0,0,0,1,0,0,0,0,0,0,0,0,0,0,0,0
0900300010054,0900300010114,DEL CARMEN,VILLA COYOACÁN,2,1,0,0,1,0,0,0,0,0,2,0,0,0,0,0,0,0,0,0,0
0900300010054,0901500010007,DEL CARMEN,CENTRO,1,0,1,0,0,1,0,0,0,0,0,0,0,0,0,0,0,0,0,0,0
0900300010054,0901500010013,DEL CARMEN,EX HIPÓDROMO DE PERALVILLO,1,1,0,0,0,0,0,0,0,0,0,0,0,0,0,0,0,1,0,0,0
0900300010054,0901500010016,DEL CARMEN,HIPÓDROMO,1,1,0,0,0,0,0,1,0,0,0,0,0,0,0,0,0,0,0,0,0
0900300010054,0901500010025,DEL CARMEN,ROMA NORTE,1,1,0,0,0,0,1,0,0,0,0,0,0,0,0,0,0,0,0,0,0
0900300010054,0901600010085,DEL CARMEN,BOSQUE DE CHAPULTEPEC,1,1,0,0,0,0,0,0,0,0,0,0,0,0,0,0,0,0,0,0,1
0900300010059,0900300010054,ESPARTACO,DEL CARMEN,1,0,0,1,0,0,0,0,0,1,0,0,0,0,0,0,0,0,0,0,0
0900300010059,0900300010056,ESPARTACO,EMILIANO ZAPATA,1,1,0,0,0,0,1,0,0,0,0,0,0,0,0,0,0,0,0,0,0
0900300010059,0900300010095,ESPARTACO,PRADOS DE COYOACÁN,1,1,0,0,0,0,0,0,0,0,0,1,0,0,0,0,0,0,0,0,0
0900300010059,0900300010098,ESPARTACO,SAN PABLO TEPETLAPA,1,0,0,1,0,0,0,0,0,0,0,0,1,0,0,0,0,0,0,0,0
0900300010062,0900300010059,EX-HACIENDA COAPA,ESPARTACO,1,1,0,0,0,0,0,0,0,0,0,0,0,1,0,0,0,0,0,0,0
0900300010062,0900300010099,EX-HACIENDA COAPA,DE SANTA ÚRSULA COAPA,2,2,0,0,0,2,0,0,0,0,0,0,0,0,0,0,0,0,0,0,0
0900300010062,0900300010113,EX-HACIENDA COAPA,VIEJO EJIDO DE SANTA ÚRSULA COAPA,1,0,0,0,1,0,0,0,0,1,0,0,0,0,0,0,0,0,0,0,0
0900300010062,0900500010093,EX-HACIENDA COAPA,INDUSTRIAL,1,1,0,0,0,0,0,0,1,0,0,0,0,0,0,0,0,0,0,0,0
0900300010062,GEN_0fdc5f82cfb5,EX-HACIENDA COAPA,,1,0,0,1,0,0,0,1,0,0,0,0,0,0,0,0,0,0,0,0,0
0900300010087,0900300010008,PARQUE SAN ANDRÉS,LA CONCEPCIÓN,1,1,0,0,0,1,0,0,0,0,0,0,0,0,0,0,0,0,0,0,0
0900300010087,0900300010012,PARQUE SAN ANDRÉS,SAN LUCAS,3,3,0,0,0,0,1,0,0,0,0,1,1,0,0,0,0,0,0,0,0
0900300010087,0900300010023,PARQUE SAN ANDRÉS,LA CANDELARIA,1,0,1,0,0,0,1,0,0,0,0,0,0,0,0,0,0,0,0,0,0
0900300010087,0900300010054,PARQUE SAN ANDRÉS,DEL CARMEN,1,1,0,0,0,0,0,0,0,0,0,1,0,0,0,0,0,0,0,0,0
0900300010087,0900300010097,PARQUE SAN ANDRÉS,DE LOS REYES,2,1,0,1,0,0,0,0,0,1,0,1,0,0,0,0,0,0,0,0,0
0900300010087,0900300010104,PARQUE SAN ANDRÉS,EL ROSEDAL,2,1,0,0,1,0,0,0,0,1,0,0,1,0,0,0,0,0,0,0,0
0900300010087,0900400010060,PARQUE SAN ANDRÉS,SANTA FE CUAJIMALPA,2,2,0,0,0,1,0,0,0,0,0,0,1,0,0,0,0,0,0,0,0
0900300010087,0900500010060,PARQUE SAN ANDRÉS,ESTRELLA,1,1,0,0,0,0,0,0,0,0,1,0,0,0,0,0,0,0,0,0,0
0900300010087,0901500010007,PARQUE SAN ANDRÉS,CENTRO,1,1,0,0,0,0,0,1,0,0,0,0,0,0,0,0,0,0,0,0,0
0900300010087,0901600010010,PARQUE SAN ANDRÉS,ANZURES,1,1,0,0,0,0,0,0,0,0,0,1,0,0,0,0,0,0,0,0,0
0900300010087,0901600010060,PARQUE SAN ANDRÉS,POLANCO V SECCIÓN,1,1,0,0,0,0,0,0,0,1,0,0,0,0,0,0,0,0,0,0,0
0900300010087,GEN_0fdc5f82cfb5,PARQUE SAN ANDRÉS,,1,0,1,0,0,0,0,0,0,0,0,0,0,0,0,1,0,0,0,0,0
0900300010097,0900300010008,DE LOS REYES,LA CONCEPCIÓN,1,0,0,0,1,0,1,0,0,0,0,0,0,0,0,0,0,0,0,0,0
0900300010097,0900300010014,DE LOS REYES,SANTA CATARINA,1,1,0,0,0,0,1,0,0,0,0,0,0,0,0,0,0,0,0,0,0
0900300010097,0900300010023,DE LOS REYES,LA CANDELARIA,2,1,1,0,0,0,1,0,0,0,0,0,0,0,0,0,1,0,0,0,0
0900300010097,0900300010054,DE LOS REYES,DEL CARMEN,1,1,0,0,0,0,0,0,0,0,1,0,0,0,0,0,0,0,0,0,0
0900300010097,0900300010104,DE LOS REYES,EL ROSEDAL,1,1,0,0,0,0,1,0,0,0,0,0,0,0,0,0,0,0,0,0,0
0900300010097,0901300010019,DE LOS REYES,SAN PEDRO,1,0,0,1,0,0,0,1,0,0,0,0,0,0,0,0,0,0,0,0,0
0900300010097,0901500010009,DE LOS REYES,CONDESA,1,1,0,0,0,0,0,0,0,0,0,0,1,0,0,0,0,0,0,0,0
0900300010098,0900300010059,SAN PABLO TEPETLAPA,ESPARTACO,1,1,0,0,0,1,0,0,0,0,0,0,0,0,0,0,0,0,0,0,0
0900300010098,0900300010118,SAN PABLO TEPETLAPA,XOTEPINGO,1,1,0,0,0,0,1,0,0,0,0,0,0,0,0,0,0,0,0,0,0
0900300010098,0901500010007,SAN PABLO TEPETLAPA,CENTRO,2,2,0,0,0,0,0,0,0,1,0,0,0,0,1,0,0,0,0,0,0
0900300010099,0900300010032,DE SANTA ÚRSULA COAPA,CIUDAD JARDÍN,1,1,0,0,0,0,0,1,0,0,0,0,0,0,0,0,0,0,0,0,0
0900300010099,0900300010098,DE SANTA ÚRSULA COAPA,SAN PABLO TEPETLAPA,1,0,0,1,0,0,0,0,0,0,1,0,0,0,0,0,0,0,0,0,0
0900300010099,0901200010184,DE SANTA ÚRSULA COAPA,TLALPAN,1,0,1,0,0,1,0,0,0,0,0,0,0,0,0,0,0,0,0,0,0
0900300010099,0901300010019,DE SANTA ÚRSULA COAPA,SAN PEDRO,1,1,0,0,0,0,0,0,0,0,0,1,0,0,0,0,0,0,0,0,0
0900300010099,0901500010007,DE SANTA ÚRSULA COAPA,CENTRO,1,0,0,1,0,0,0,0,1,0,0,0,0,0,0,0,0,0,0,0,0
0900300010099,GEN_0fdc5f82cfb5,DE SANTA ÚRSULA COAPA,,1,1,0,0,0,0,0,0,0,1,0,0,0,0,0,0,0,0,0,0,0
0900300010101,0900300010098,EL RELOJ,SAN PABLO TEPETLAPA,1,1,0,0,0,0,0,0,0,0,0,1,0,0,0,0,0,0,0,0,0
0900300010101,0900300010099,EL RELOJ,DE SANTA ÚRSULA COAPA,1,1,0,0,0,0,0,0,0,0,1,0,0,0,0,0,0,0,0,0,0
0900300010101,0900500010186,EL RELOJ,7 DE NOVIEMBRE,1,0,0,1,0,0,0,0,0,1,0,0,0,0,0,0,0,0,0,0,0
0900300010104,0900300010012,EL ROSEDAL,SAN LUCAS,2,2,0,0,0,1,0,0,0,0,0,0,1,0,0,0,0,0,0,0,0
0900300010104,0900300010023,EL ROSEDAL,LA CANDELARIA,1,1,0,0,0,0,0,0,0,0,0,0,0,0,0,0,1,0,0,0,0
0900300010104,0900300010087,EL ROSEDAL,PARQUE SAN ANDRÉS,1,1,0,0,0,1,0,0,0,0,0,0,0,0,0,0,0,0,0,0,0
0900300010104,0900300010097,EL ROSEDAL,DE LOS REYES,1,1,0,0,0,0,0,0,0,0,0,0,1,0,0,0,0,0,0,0,0
0900300010104,0900300010098,EL ROSEDAL,SAN PABLO TEPETLAPA,1,1,0,0,0,0,0,0,0,0,1,0,0,0,0,0,0,0,0,0,0
0900300010104,0901200010184,EL ROSEDAL,TLALPAN,1,1,0,0,0,0,0,0,0,0,0,0,0,0,0,0,0,0,0,1,0
0900300010104,0901500010007,EL ROSEDAL,CENTRO,4,4,0,0,0,2,0,0,0,1,1,0,0,0,0,0,0,0,0,0,0
0900300010104,0901500010026,EL ROSEDAL,ROMA SUR,1,1,0,0,0,0,0,0,0,0,0,0,0,0,1,0,0,0,0,0,0
0900300010113,0900300010099,VIEJO EJIDO DE SANTA ÚRSULA COAPA,DE SANTA ÚRSULA COAPA,1,1,0,0,0,0,0,1,0,0,0,0,0,0,0,0,0,0,0,0,0
0900300010113,0900500010206,VIEJO EJIDO DE SANTA ÚRSULA COAPA,VALLEJO,1,0,0,0,1,0,0,0,1,0,0,0,0,0,0,0,0,0,0,0,0
0900300010114,0900300010008,VILLA COYOACÁN,LA CONCEPCIÓN,1,1,0,0,0,0,0,0,0,0,0,0,0,0,0,1,0,0,0,0,0
0900300010114,0900300010014,VILLA COYOACÁN,SANTA CATARINA,3,3,0,0,0,1,1,0,0,0,0,1,0,0,0,0,0,0,0,0,0
0900300010114,0900300010054,VILLA COYOACÁN,DEL CARMEN,4,3,1,0,0,0,2,1,1,0,0,0,0,0,0,0,0,0,0,0,0
0900300010114,0900300010087,VILLA COYOACÁN,PARQUE SAN ANDRÉS,1,1,0,0,0,0,0,0,0,0,1,0,0,0,0,0,0,0,0,0,0
0900300010114,0900300010097,VILLA COYOACÁN,DE LOS REYES,1,1,0,0,0,0,0,0,1,0,0,0,0,0,0,0,0,0,0,0,0
0900300010114,0901500010018,VILLA COYOACÁN,JUÁREZ,2,2,0,0,0,1,0,0,0,0,0,0,1,0,0,0,0,0,0,0,0
0900300010114,0901600010010,VILLA COYOACÁN,ANZURES,1,1,0,0,0,0,0,0,1,0,0,0,0,0,0,0,0,0,0,0,0
0900300010118,0900300010032,XOTEPINGO,CIUDAD JARDÍN,1,0,0,1,0,0,0,0,1,0,0,0,0,0,0,0,0,0,0,0,0
0900300010118,0900300010062,XOTEPINGO,EX-HACIENDA COAPA,1,0,0,0,1,0,0,1,0,0,0,0,0,0,0,0,0,0,0,0,0
0900300010126,0900300010023,NUEVA DÍAZ ORDAZ,LA CANDELARIA,2,0,1,1,0,0,0,2,0,0,0,0,0,0,0,0,0,0,0,0,0
0900300010126,0900300010098,NUEVA DÍAZ ORDAZ,SAN PABLO TEPETLAPA,1,1,0,0,0,0,0,0,1,0,0,0,0,0,0,0,0,0,0,0,0
0900400010060,0901000010219,SANTA FE CUAJIMALPA,SAN ÁNGEL,1,1,0,0,0,0,0,0,1,0,0,0,0,0,0,0,0,0,0,0,0
0900400010060,0901000010294,SANTA FE CUAJIMALPA,SANTA FE,1,1,0,0,0,0,0,0,1,0,0,0,0,0,0,0,0,0,0,0,0
0900400010060,0901500010007,SANTA FE CUAJIMALPA,CENTRO,3,2,0,1,0,1,0,0,0,0,0,0,1,0,0,0,0,1,0,0,0
0900400010060,0901500010018,SANTA FE CUAJIMALPA,JUÁREZ,1,0,0,0,1,1,0,0,0,0,0,0,0,0,0,0,0,0,0,0,0
0900400010060,0901600010059,SANTA FE CUAJIMALPA,POLANCO IV SECCIÓN,2,2,0,0,0,0,2,0,0,0,0,0,0,0,0,0,0,0,0,0,0
0900400010060,0901600010085,SANTA FE CUAJIMALPA,BOSQUE DE CHAPULTEPEC,1,0,0,1,0,0,0,0,0,0,0,0,0,1,0,0,0,0,0,0,0
0900500010007,0900300010054,ARAGÓN LA VILLA,DEL CARMEN,1,1,0,0,0,0,0,0,0,0,0,0,0,0,0,0,1,0,0,0,0
0900500010007,0900500010060,ARAGÓN LA VILLA,ESTRELLA,1,1,0,0,0,0,0,0,0,0,0,0,0,0,0,0,0,0,0,0,1
0900500010007,0900500010087,ARAGÓN LA VILLA,VILLA GUSTAVO A. MADERO,2,0,2,0,0,0,0,0,0,0,0,0,0,1,0,0,0,0,0,0,1
0900500010007,0901500010007,ARAGÓN LA VILLA,CENTRO,3,2,0,1,0,0,0,0,0,0,0,0,0,1,1,0,0,0,1,0,0
0900500010007,0901500010018,ARAGÓN LA VILLA,JUÁREZ,1,0,1,0,0,0,0,0,0,0,0,0,0,1,0,0,0,0,0,0,0
0900500010007,0901600010085,ARAGÓN LA VILLA,BOSQUE DE CHAPULTEPEC,2,2,0,0,0,0,0,0,0,0,0,0,0,1,0,0,0,0,1,0,0
0900500010060,0900500010084,ESTRELLA,GUADALUPE TEPEYAC,1,0,0,1,0,0,0,0,0,0,0,0,0,0,1,0,0,0,0,0,0
0900500010060,0900500010193,ESTRELLA,TEPEYAC INSURGENTES,1,1,0,0,0,0,0,0,0,0,0,0,0,0,0,0,0,0,0,0,1
0900500010060,0901500010007,ESTRELLA,CENTRO,1,1,0,0,0,0,0,1,0,0,0,0,0,0,0,0,0,0,0,0,0
0900500010084,0900500010060,GUADALUPE TEPEYAC,ESTRELLA,2,2,0,0,0,0,0,0,0,0,0,0,0,0,1,0,1,0,0,0,0
0900500010084,0900500010193,GUADALUPE TEPEYAC,TEPEYAC INSURGENTES,1,1,0,0,0,0,0,0,0,0,0,0,0,0,0,0,0,1,0,0,0
0900500010084,0901500010018,GUADALUPE TEPEYAC,JUÁREZ,1,1,0,0,0,0,0,0,0,0,0,1,0,0,0,0,0,0,0,0,0
0900500010084,0901500010023,GUADALUPE TEPEYAC,PERALVILLO,4,1,1,1,1,0,0,0,0,0,0,0,0,0,2,1,0,0,0,1,0
0900500010087,0900500010193,VILLA GUSTAVO A. MADERO,TEPEYAC INSURGENTES,2,2,0,0,0,0,0,1,0,0,0,0,0,0,0,0,0,1,0,0,0
0900500010093,0900500010084,INDUSTRIAL,GUADALUPE TEPEYAC,1,1,0,0,0,1,0,0,0,0,0,0,0,0,0,0,0,0,0,0,0
0900500010093,0900500010193,INDUSTRIAL,TEPEYAC INSURGENTES,2,2,0,0,0,0,1,0,0,0,0,0,0,0,1,0,0,0,0,0,0
0900500010093,0901500010007,INDUSTRIAL,CENTRO,1,1,0,0,0,0,0,0,0,1,0,0,0,0,0,0,0,0,0,0,0
0900500010186,0901500010010,7 DE NOVIEMBRE,CUAUHTÉMOC,1,1,0,0,0,0,0,0,0,0,0,1,0,0,0,0,0,0,0,0,0
0900500010193,0900500010007,TEPEYAC INSURGENTES,ARAGÓN LA VILLA,1,1,0,0,0,0,0,0,0,0,0,0,0,0,1,0,0,0,0,0,0
0900500010193,0900500010060,TEPEYAC INSURGENTES,ESTRELLA,1,1,0,0,0,0,0,0,0,0,0,0,0,0,0,1,0,0,0,0,0
0900500010193,0900500010084,TEPEYAC INSURGENTES,GUADALUPE TEPEYAC,1,1,0,0,0,0,0,0,0,0,0,0,0,0,1,0,0,0,0,0,0
0900500010193,0900500010087,TEPEYAC INSURGENTES,VILLA GUSTAVO A. MADERO,1,1,0,0,0,0,0,0,0,0,0,0,1,0,0,0,0,0,0,0,0
0900500010193,0901500010007,TEPEYAC INSURGENTES,CENTRO,3,3,0,0,0,0,1,0,0,0,1,1,0,0,0,0,0,0,0,0,0
0900500010193,0901500010025,TEPEYAC INSURGENTES,ROMA NORTE,1,1,0,0,0,0,0,0,0,0,0,0,0,0,0,0,0,0,0,1,0
0900500010193,0901600010058,TEPEYAC INSURGENTES,POLANCO III SECCIÓN,1,1,0,0,0,0,0,0,0,0,0,0,0,0,0,0,0,1,0,0,0
0900500010206,0900500010093,VALLEJO,INDUSTRIAL,1,0,0,1,0,0,0,0,0,1,0,0,0,0,0,0,0,0,0,0,0
0900500010206,0901500010007,VALLEJO,CENTRO,2,2,0,0,0,1,0,0,0,0,0,1,0,0,0,0,0,0,0,0,0
0900500010206,0901500010023,VALLEJO,PERALVILLO,1,0,0,1,0,0,0,0,0,0,0,0,0,0,0,1,0,0,0,0,0
0900500010206,GEN_8df52115a76b,VALLEJO,AICM Terminal I,1,1,0,0,0,1,0,0,0,0,0,0,0,0,0,0,0,0,0,0,0
0901000010219,0900300010054,SAN ÁNGEL,DEL CARMEN,1,1,0,0,0,0,0,0,0,1,0,0,0,0,0,0,0,0,0,0,0
0901000010219,0900300010114,SAN ÁNGEL,VILLA COYOACÁN,1,1,0,0,0,0,0,0,0,0,0,0,1,0,0,0,0,0,0,0,0
0901000010219,0901600010059,SAN ÁNGEL,POLANCO IV SECCIÓN,1,1,0,0,0,0,0,0,0,0,0,0,1,0,0,0,0,0,0,0,0
0901000010294,0900400010060,SANTA FE,SANTA FE CUAJIMALPA,1,1,0,0,0,0,1,0,0,0,0,0,0,0,0,0,0,0,0,0,0
0901000010294,0901600010058,SANTA FE,POLANCO III SECCIÓN,1,1,0,0,0,0,0,0,0,0,0,0,0,0,0,0,0,0,0,1,0
0901000010319,0900400010060,SANTA FE CENTRO CIUDAD,SANTA FE CUAJIMALPA,1,1,0,0,0,0,0,0,0,0,0,1,0,0,0,0,0,0,0,0,0
0901100110003,0901500010007,SAN BARTOLOMÉ,CENTRO,1,1,0,0,0,0,1,0,0,0,0,0,0,0,0,0,0,0,0,0,0
0901200010163,0901500010007,SAN LORENZO HUIPULCO,CENTRO,1,1,0,0,0,0,0,0,0,0,0,0,1,0,0,0,0,0,0,0,0
0901200010184,0900400010060,TLALPAN,SANTA FE CUAJIMALPA,2,2,0,0,0,1,0,0,0,0,0,1,0,0,0,0,0,0,0,0,0
0901200010185,0900300010062,TLALPAN CENTRO,EX-HACIENDA COAPA,1,1,0,0,0,0,0,0,0,0,1,0,0,0,0,0,0,0,0,0,0
0901200010185,0900400010060,TLALPAN CENTRO,SANTA FE CUAJIMALPA,1,0,1,0,0,0,0,0,0,0,0,1,0,0,0,0,0,0,0,0,0
0901300010013,0901300010023,SAN CRISTÓBAL,XALTOCAN,2,2,0,0,0,0,1,1,0,0,0,0,0,0,0,0,0,0,0,0,0
0901300010013,0901500010018,SAN CRISTÓBAL,JUÁREZ,1,1,0,0,0,0,0,1,0,0,0,0,0,0,0,0,0,0,0,0,0
0901300010013,0901600010085,SAN CRISTÓBAL,BOSQUE DE CHAPULTEPEC,1,1,0,0,0,0,0,0,0,0,0,1,0,0,0,0,0,0,0,0,0
0901300010016,0901500010007,SAN JUAN,CENTRO,1,1,0,0,0,1,0,0,0,0,0,0,0,0,0,0,0,0,0,0,0
0901300010018,0901300010019,SAN MARCOS,SAN PEDRO,1,1,0,0,0,0,0,0,1,0,0,0,0,0,0,0,0,0,0,0,0
0901300010019,0900300010054,SAN PEDRO,DEL CARMEN,1,1,0,0,0,0,0,0,0,1,0,0,0,0,0,0,0,0,0,0,0
0901300010019,0900300010099,SAN PEDRO,DE SANTA ÚRSULA COAPA,1,1,0,0,0,0,0,0,0,0,1,0,0,0,0,0,0,0,0,0,0
0901300010019,0901300010018,SAN PEDRO,SAN MARCOS,1,1,0,0,0,0,1,0,0,0,0,0,0,0,0,0,0,0,0,0,0
0901300010019,GEN_8df52115a76b,SAN PEDRO,AICM Terminal I,1,1,0,0,0,0,0,0,0,1,0,0,0,0,0,0,0,0,0,0,0
0901300010022,0901500010007,LA CONCEPCIÓN TLACOAPA,CENTRO,1,1,0,0,0,0,0,0,0,1,0,0,0,0,0,0,0,0,0,0,0
0901300010023,0900300010029,XALTOCAN,EL CENTINELA,1,1,0,0,0,0,0,1,0,0,0,0,0,0,0,0,0,0,0,0,0
0901500010007,0900300010008,CENTRO,LA CONCEPCIÓN,3,0,0,2,1,0,0,0,1,0,0,0,1,0,0,0,1,0,0,0,0
0901500010007,0900300010014,CENTRO,SANTA CATARINA,1,1,0,0,0,0,0,0,0,0,0,1,0,0,0,0,0,0,0,0,0
0901500010007,0900300010054,CENTRO,DEL CARMEN,3,3,0,0,0,0,1,1,0,0,0,0,0,0,0,0,0,0,1,0,0
0901500010007,0900300010087,CENTRO,PARQUE SAN ANDRÉS,1,1,0,0,0,1,0,0,0,0,0,0,0,0,0,0,0,0,0,0,0
0901500010007,0900300010099,CENTRO,DE SANTA ÚRSULA COAPA,3,2,0,1,0,0,0,1,0,0,1,1,0,0,0,0,0,0,0,0,0
0901500010007,0900300010104,CENTRO,EL ROSEDAL,1,1,0,0,0,1,0,0,0,0,0,0,0,0,0,0,0,0,0,0,0
0901500010007,0900300010114,CENTRO,VILLA COYOACÁN,2,2,0,0,0,0,1,0,0,0,0,0,1,0,0,0,0,0,0,0,0
0901500010007,0900500010007,CENTRO,ARAGÓN LA VILLA,1,1,0,0,0,0,0,0,0,0,0,0,0,0,0,0,0,0,0,0,1
0901500010007,0900500010060,CENTRO,ESTRELLA,1,1,0,0,0,0,0,0,0,0,0,0,0,0,0,0,0,1,0,0,0
0901500010007,0900500010084,CENTRO,GUADALUPE TEPEYAC,1,0,0,0,1,0,0,0,0,0,0,0,0,0,0,0,0,1,0,0,0
0901500010007,0900500010087,CENTRO,VILLA GUSTAVO A. MADERO,2,1,0,1,0,0,0,0,0,1,1,0,0,0,0,0,0,0,0,0,0
0901500010007,0900500010193,CENTRO,TEPEYAC INSURGENTES,3,3,0,0,0,0,1,0,0,0,0,0,0,1,1,0,0,0,0,0,0
0901500010007,0901000010219,CENTRO,SAN ÁNGEL,2,2,0,0,0,0,1,0,0,0,1,0,0,0,0,0,0,0,0,0,0
0901500010007,0901300010013,CENTRO,SAN CRISTÓBAL,1,1,0,0,0,0,0,0,0,0,1,0,0,0,0,0,0,0,0,0,0
0901500010007,0901500010009,CENTRO,CONDESA,2,2,0,0,0,0,0,1,0,1,0,0,0,0,0,0,0,0,0,0,0
0901500010007,0901500010010,CENTRO,CUAUHTÉMOC,5,4,1,0,0,0,0,3,0,0,0,1,0,0,1,0,0,0,0,0,0
0901500010007,0901500010013,CENTRO,EX HIPÓDROMO DE PERALVILLO,5,4,0,0,1,1,0,0,0,0,0,0,1,0,2,1,0,0,0,0,0
0901500010007,0901500010015,CENTRO,GUERRERO,12,9,1,2,0,1,2,2,1,1,0,0,1,2,0,0,1,1,0,0,0
0901500010007,0901500010016,CENTRO,HIPÓDROMO,2,2,0,0,0,0,1,0,0,0,0,1,0,0,0,0,0,0,0,0,0
0901500010007,0901500010018,CENTRO,JUÁREZ,15,10,1,2,2,2,1,2,1,1,0,0,4,1,2,0,1,0,0,0,0
0901500010007,0901500010020,CENTRO,MORELOS,8,4,1,1,2,2,0,0,2,2,1,0,1,0,0,0,0,0,0,0,0
0901500010007,0901500010024,CENTRO,TABACALERA,6,5,0,0,1,0,1,0,1,0,1,1,0,1,1,0,0,0,0,0,0
0901500010007,0901500010025,CENTRO,ROMA NORTE,10,6,0,3,1,1,1,0,2,1,0,0,1,0,0,0,0,1,0,2,1
0901500010007,0901500010026,CENTRO,ROMA SUR,3,1,1,1,0,0,0,0,0,0,0,0,0,0,2,0,0,0,0,0,1
0901500010007,0901600010058,CENTRO,POLANCO III SECCIÓN,2,2,0,0,0,0,0,0,0,0,0,0,1,1,0,0,0,0,0,0,0
0901500010007,0901600010059,CENTRO,POLANCO IV SECCIÓN,1,1,0,0,0,0,0,0,0,0,0,0,0,0,0,0,0,0,0,1,0
0901500010007,0901600010060,CENTRO,POLANCO V SECCIÓN,2,2,0,0,0,1,0,0,0,0,1,0,0,0,0,0,0,0,0,0,0
0901500010007,0901600010085,CENTRO,BOSQUE DE CHAPULTEPEC,8,6,0,1,1,0,1,1,0,1,0,0,0,0,1,0,1,1,2,0,0
0901500010007,GEN_22fa6c7bd720,CENTRO,TAXQUEÑA,1,0,0,1,0,0,0,0,0,0,0,0,0,0,1,0,0,0,0,0,0
0901500010007,GEN_8df52115a76b,CENTRO,AICM Terminal I,1,1,0,0,0,0,0,0,1,0,0,0,0,0,0,0,0,0,0,0,0
0901500010009,0901500010007,CONDESA,CENTRO,2,2,0,0,0,0,0,0,1,0,1,0,0,0,0,0,0,0,0,0,0
0901500010009,0901500010015,CONDESA,GUERRERO,1,1,0,0,0,0,0,0,0,1,0,0,0,0,0,0,0,0,0,0,0
0901500010009,0901500010016,CONDESA,HIPÓDROMO,4,4,0,0,0,1,0,1,1,0,0,1,0,0,0,0,0,0,0,0,0
0901500010009,0901500010017,CONDESA,HIPÓDROMO CONDESA,1,0,0,0,1,0,0,1,0,0,0,0,0,0,0,0,0,0,0,0,0
0901500010009,0901500010018,CONDESA,JUÁREZ,1,1,0,0,0,0,1,0,0,0,0,0,0,0,0,0,0,0,0,0,0
0901500010009,0901500010024,CONDESA,TABACALERA,1,1,0,0,0,0,0,0,0,0,0,0,0,0,1,0,0,0,0,0,0
0901500010009,0901500010025,CONDESA,ROMA NORTE,4,3,0,0,1,0,0,0,0,1,2,0,0,0,0,0,1,0,0,0,0
0901500010009,0901600010058,CONDESA,POLANCO III SECCIÓN,1,1,0,0,0,1,0,0,0,0,0,0,0,0,0,0,0,0,0,0,0
0901500010009,0901600010059,CONDESA,POLANCO IV SECCIÓN,2,2,0,0,0,0,0,0,0,1,1,0,0,0,0,0,0,0,0,0,0
0901500010009,0901600010085,CONDESA,BOSQUE DE CHAPULTEPEC,2,1,0,0,1,0,0,0,0,0,1,1,0,0,0,0,0,0,0,0,0
0901500010010,0900300010054,CUAUHTÉMOC,DEL CARMEN,1,1,0,0,0,1,0,0,0,0,0,0,0,0,0,0,0,0,0,0,0
0901500010010,0900400010060,CUAUHTÉMOC,SANTA FE CUAJIMALPA,1,1,0,0,0,0,0,0,0,0,0,0,0,0,0,0,1,0,0,0,0
0901500010010,0900500010193,CUAUHTÉMOC,TEPEYAC INSURGENTES,1,1,0,0,0,1,0,0,0,0,0,0,0,0,0,0,0,0,0,0,0
0901500010010,0901500010007,CUAUHTÉMOC,CENTRO,2,2,0,0,0,0,0,1,0,0,0,1,0,0,0,0,0,0,0,0,0
0901500010010,0901500010009,CUAUHTÉMOC,CONDESA,1,1,0,0,0,0,0,0,0,1,0,0,0,0,0,0,0,0,0,0,0
0901500010010,0901500010015,CUAUHTÉMOC,GUERRERO,2,2,0,0,0,0,1,0,1,0,0,0,0,0,0,0,0,0,0,0,0
0901500010010,0901500010016,CUAUHTÉMOC,HIPÓDROMO,1,0,0,0,1,0,1,0,0,0,0,0,0,0,0,0,0,0,0,0,0
0901500010010,0901500010018,CUAUHTÉMOC,JUÁREZ,12,8,0,1,3,3,3,2,1,1,0,1,1,0,0,0,0,0,0,0,0
0901500010010,0901500010025,CUAUHTÉMOC,ROMA NORTE,2,2,0,0,0,0,0,0,0,0,0,0,1,0,1,0,0,0,0,0,0
0901500010010,0901500010026,CUAUHTÉMOC,ROMA SUR,1,1,0,0,0,0,0,0,0,1,0,0,0,0,0,0,0,0,0,0,0
0901500010010,0901600010010,CUAUHTÉMOC,ANZURES,1,1,0,0,0,0,0,0,0,0,0,1,0,0,0,0,0,0,0,0,0
0901500010010,0901600010058,CUAUHTÉMOC,POLANCO III SECCIÓN,1,1,0,0,0,0,0,0,0,0,1,0,0,0,0,0,0,0,0,0,0
0901500010010,0901600010059,CUAUHTÉMOC,POLANCO IV SECCIÓN,1,1,0,0,0,0,0,0,1,0,0,0,0,0,0,0,0,0,0,0,0
0901500010010,0901600010060,CUAUHTÉMOC,POLANCO V SECCIÓN,1,0,0,0,1,0,0,0,0,0,1,0,0,0,0,0,0,0,0,0,0
0901500010010,0901600010085,CUAUHTÉMOC,BOSQUE DE CHAPULTEPEC,2,0,1,0,1,0,1,1,0,0,0,0,0,0,0,0,0,0,0,0,0
0901500010013,0900500010193,EX HIPÓDROMO DE PERALVILLO,TEPEYAC INSURGENTES,1,1,0,0,0,0,0,0,0,0,0,0,0,0,0,0,0,1,0,0,0
0901500010013,0901500010007,EX HIPÓDROMO DE PERALVILLO,CENTRO,1,1,0,0,0,0,0,0,0,0,0,0,0,0,1,0,0,0,0,0,0
0901500010013,0901500010023,EX HIPÓDROMO DE PERALVILLO,PERALVILLO,1,1,0,0,0,0,0,0,0,0,0,0,0,0,0,0,0,1,0,0,0
0901500010013,0901600010058,EX HIPÓDROMO DE PERALVILLO,POLANCO III SECCIÓN,1,1,0,0,0,0,1,0,0,0,0,0,0,0,0,0,0,0,0,0,0
0901500010015,0901500010007,GUERRERO,CENTRO,10,8,0,1,1,1,0,1,2,0,0,3,1,0,0,1,0,0,0,0,1
0901500010015,0901500010010,GUERRERO,CUAUHTÉMOC,2,1,0,0,1,1,0,0,0,0,0,0,0,0,0,0,0,1,0,0,0
0901500010015,0901500010013,GUERRERO,EX HIPÓDROMO DE PERALVILLO,1,1,0,0,0,0,0,0,0,0,0,0,0,0,1,0,0,0,0,0,0
0901500010015,0901500010018,GUERRERO,JUÁREZ,2,2,0,0,0,0,0,1,1,0,0,0,0,0,0,0,0,0,0,0,0
0901500010015,0901500010020,GUERRERO,MORELOS,1,0,0,1,0,0,0,0,0,0,0,0,0,0,0,0,0,1,0,0,0
0901500010015,0901500010023,GUERRERO,PERALVILLO,1,1,0,0,0,1,0,0,0,0,0,0,0,0,0,0,0,0,0,0,0
0901500010015,0901500010025,GUERRERO,ROMA NORTE,3,1,0,1,1,0,0,0,0,0,0,0,0,1,0,0,0,0,0,1,1
0901500010015,0901600010058,GUERRERO,POLANCO III SECCIÓN,2,2,0,0,0,0,0,0,0,1,0,1,0,0,0,0,0,0,0,0,0
0901500010015,0901600010085,GUERRERO,BOSQUE DE CHAPULTEPEC,6,3,0,2,1,4,0,0,0,0,0,0,0,0,0,0,0,0,1,0,1
0901500010016,0901500010007,HIPÓDROMO,CENTRO,2,2,0,0,0,1,0,0,0,0,0,1,0,0,0,0,0,0,0,0,0
0901500010016,0901500010009,HIPÓDROMO,CONDESA,1,0,0,0,1,0,0,0,0,0,0,0,0,0,0,0,1,0,0,0,0
0901500010016,0901500010010,HIPÓDROMO,CUAUHTÉMOC,1,1,0,0,0,0,0,0,0,0,0,1,0,0,0,0,0,0,0,0,0
0901500010016,0901500010018,HIPÓDROMO,JUÁREZ,1,0,1,0,0,0,0,1,0,0,0,0,0,0,0,0,0,0,0,0,0
0901500010016,0901500010025,HIPÓDROMO,ROMA NORTE,4,4,0,0,0,1,0,2,0,0,0,0,0,0,0,0,1,0,0,0,0
0901500010016,0901500010026,HIPÓDROMO,ROMA SUR,5,3,0,0,2,0,1,0,0,2,0,1,1,0,0,0,0,0,0,0,0
0901500010016,0901600010010,HIPÓDROMO,ANZURES,1,0,0,1,0,0,0,0,0,0,0,1,0,0,0,0,0,0,0,0,0
0901500010016,0901600010060,HIPÓDROMO,POLANCO V SECCIÓN,1,1,0,0,0,0,0,1,0,0,0,0,0,0,0,0,0,0,0,0,0
0901500010016,0901600010085,HIPÓDROMO,BOSQUE DE CHAPULTEPEC,1,1,0,0,0,0,1,0,0,0,0,0,0,0,0,0,0,0,0,0,0
0901500010016,GEN_3f2df81cdecf,HIPÓDROMO,Observatorio,1,1,0,0,0,0,0,1,0,0,0,0,0,0,0,0,0,0,0,0,0
0901500010016,GEN_9e0c83ddab22,HIPÓDROMO,AICM Terminal II,1,1,0,0,0,0,0,0,0,0,1,0,0,0,0,0,0,0,0,0,0
0901500010017,GEN_8df52115a76b,HIPÓDROMO CONDESA,AICM Terminal I,1,1,0,0,0,0,0,0,0,0,0,1,0,0,0,0,0,0,0,0,0
0901500010018,0900300010054,JUÁREZ,DEL CARMEN,1,1,0,0,0,0,1,0,0,0,0,0,0,0,0,0,0,0,0,0,0
0901500010018,0900400010060,JUÁREZ,SANTA FE CUAJIMALPA,1,0,1,0,0,0,0,0,0,0,0,0,0,0,0,1,0,0,0,0,0
0901500010018,0900500010087,JUÁREZ,VILLA GUSTAVO A. MADERO,1,1,0,0,0,0,0,0,0,0,0,0,0,0,1,0,0,0,0,0,0
0901500010018,0901500010007,JUÁREZ,CENTRO,20,17,1,1,1,1,2,0,0,1,2,0,1,0,1,4,3,0,0,2,3
0901500010018,0901500010009,JUÁREZ,CONDESA,2,1,0,1,0,0,1,0,0,0,1,0,0,0,0,0,0,0,0,0,0
0901500010018,0901500010010,JUÁREZ,CUAUHTÉMOC,11,8,1,0,2,1,0,2,2,1,0,1,1,0,0,0,1,2,0,0,0
0901500010018,0901500010015,JUÁREZ,GUERRERO,1,1,0,0,0,0,0,0,0,1,0,0,0,0,0,0,0,0,0,0,0
0901500010018,0901500010024,JUÁREZ,TABACALERA,17,10,3,3,1,1,1,3,1,0,0,2,0,0,1,0,1,4,2,0,1
0901500010018,0901500010025,JUÁREZ,ROMA NORTE,4,3,0,0,1,0,1,0,1,0,0,1,1,0,0,0,0,0,0,0,0
0901500010018,0901600010058,JUÁREZ,POLANCO III SECCIÓN,2,1,0,0,1,1,0,0,1,0,0,0,0,0,0,0,0,0,0,0,0
0901500010018,0901600010059,JUÁREZ,POLANCO IV SECCIÓN,4,3,1,0,0,1,0,0,0,0,2,1,0,0,0,0,0,0,0,0,0
0901500010018,0901600010060,JUÁREZ,POLANCO V SECCIÓN,1,1,0,0,0,0,0,0,1,0,0,0,0,0,0,0,0,0,0,0,0
0901500010018,0901600010085,JUÁREZ,BOSQUE DE CHAPULTEPEC,2,2,0,0,0,0,0,0,0,1,1,0,0,0,0,0,0,0,0,0,0
0901500010018,GEN_8df52115a76b,JUÁREZ,AICM Terminal I,2,2,0,0,0,0,0,0,0,2,0,0,0,0,0,0,0,0,0,0,0
0901500010018,GEN_9e0c83ddab22,JUÁREZ,AICM Terminal II,3,3,0,0,0,0,0,0,0,0,1,1,0,0,0,0,0,0,1,0,0
0901500010019,0900500010193,MAZA,TEPEYAC INSURGENTES,1,1,0,0,0,0,0,0,0,0,0,0,0,0,0,0,1,0,0,0,0
0901500010019,0901200010163,MAZA,SAN LORENZO HUIPULCO,1,0,0,0,1,0,0,0,0,1,0,0,0,0,0,0,0,0,0,0,0
0901500010019,0901500010013,MAZA,EX HIPÓDROMO DE PERALVILLO,1,1,0,0,0,0,0,0,0,0,0,0,0,0,0,1,0,0,0,0,0
0901500010020,0901500010007,MORELOS,CENTRO,6,2,1,1,2,0,2,0,3,1,0,0,0,0,0,0,0,0,0,0,0
0901500010020,0901500010015,MORELOS,GUERRERO,1,0,0,0,1,0,0,0,1,0,0,0,0,0,0,0,0,0,0,0,0
0901500010020,0901500010025,MORELOS,ROMA NORTE,1,1,0,0,0,0,0,0,0,0,0,0,1,0,0,0,0,0,0,0,0
0901500010020,0901600010010,MORELOS,ANZURES,1,0,0,0,1,0,0,0,0,0,0,1,0,0,0,0,0,0,0,0,0
0901500010020,GEN_9e0c83ddab22,MORELOS,AICM Terminal II,1,0,1,0,0,0,0,0,0,0,0,1,0,0,0,0,0,0,0,0,0
0901500010023,0900500010084,PERALVILLO,GUADALUPE TEPEYAC,2,1,0,1,0,0,0,0,0,0,0,0,0,1,0,0,0,1,0,0,0
0901500010023,0900500010193,PERALVILLO,TEPEYAC INSURGENTES,1,1,0,0,0,0,0,0,0,0,0,0,0,1,0,0,0,0,0,0,0
0901500010023,0900500010206,PERALVILLO,VALLEJO,2,2,0,0,0,0,1,0,1,0,0,0,0,0,0,0,0,0,0,0,0
0901500010023,0901500010007,PERALVILLO,CENTRO,3,2,0,0,1,0,1,0,0,0,0,1,1,0,0,0,0,0,0,0,0
0901500010023,0901500010013,PERALVILLO,EX HIPÓDROMO DE PERALVILLO,4,3,0,1,0,0,0,0,0,0,0,0,0,2,0,0,1,0,0,0,1
0901500010023,0901500010015,PERALVILLO,GUERRERO,2,1,1,0,0,0,1,0,0,0,0,0,0,0,0,0,0,0,0,0,1
0901500010023,0901500010024,PERALVILLO,TABACALERA,1,0,0,0,1,0,0,1,0,0,0,0,0,0,0,0,0,0,0,0,0
0901500010023,0901600010058,PERALVILLO,POLANCO III SECCIÓN,6,5,0,0,1,2,0,0,1,0,0,1,2,0,0,0,0,0,0,0,0
0901500010023,0901600010085,PERALVILLO,BOSQUE DE CHAPULTEPEC,1,1,0,0,0,0,0,0,0,0,0,0,0,0,0,0,0,1,0,0,0
0901500010024,0900300010007,TABACALERA,AVANTE,1,1,0,0,0,0,0,0,0,0,0,0,0,0,0,0,0,0,1,0,0
0901500010024,0900300010098,TABACALERA,SAN PABLO TEPETLAPA,1,1,0,0,0,0,0,0,0,0,0,1,0,0,0,0,0,0,0,0,0
0901500010024,0900500010087,TABACALERA,VILLA GUSTAVO A. MADERO,1,1,0,0,0,0,0,1,0,0,0,0,0,0,0,0,0,0,0,0,0
0901500010024,0900500010186,TABACALERA,7 DE NOVIEMBRE,1,1,0,0,0,0,0,1,0,0,0,0,0,0,0,0,0,0,0,0,0
0901500010024,0901300010013,TABACALERA,SAN CRISTÓBAL,1,1,0,0,0,0,1,0,0,0,0,0,0,0,0,0,0,0,0,0,0
0901500010024,0901500010007,TABACALERA,CENTRO,11,6,1,4,0,0,1,3,0,2,0,3,0,0,0,0,0,0,1,0,1
0901500010024,0901500010009,TABACALERA,CONDESA,2,2,0,0,0,0,0,0,1,0,0,0,0,0,0,0,0,1,0,0,0
0901500010024,0901500010010,TABACALERA,CUAUHTÉMOC,2,1,0,1,0,1,0,0,0,0,0,0,0,0,0,0,0,1,0,0,0
0901500010024,0901500010013,TABACALERA,EX HIPÓDROMO DE PERALVILLO,1,0,0,0,1,0,0,0,0,1,0,0,0,0,0,0,0,0,0,0,0
0901500010024,0901500010015,TABACALERA,GUERRERO,1,0,0,1,0,0,1,0,0,0,0,0,0,0,0,0,0,0,0,0,0
0901500010024,0901500010017,TABACALERA,HIPÓDROMO CONDESA,1,1,0,0,0,0,1,0,0,0,0,0,0,0,0,0,0,0,0,0,0
0901500010024,0901500010018,TABACALERA,JUÁREZ,6,2,1,1,2,0,0,0,0,2,0,0,0,0,0,1,1,1,0,1,0
0901500010024,0901500010023,TABACALERA,PERALVILLO,1,0,1,0,0,0,0,1,0,0,0,0,0,0,0,0,0,0,0,0,0
0901500010024,0901500010025,TABACALERA,ROMA NORTE,1,1,0,0,0,0,0,0,0,1,0,0,0,0,0,0,0,0,0,0,0
0901500010024,0901500010026,TABACALERA,ROMA SUR,1,1,0,0,0,0,0,0,0,0,0,0,0,0,0,0,0,0,0,0,1
0901500010024,0901600010058,TABACALERA,POLANCO III SECCIÓN,1,1,0,0,0,0,0,0,0,0,0,0,0,1,0,0,0,0,0,0,0
0901500010024,0901600010085,TABACALERA,BOSQUE DE CHAPULTEPEC,2,1,0,0,1,0,0,0,0,0,0,0,0,0,1,0,0,0,0,1,0
0901500010024,GEN_9e0c83ddab22,TABACALERA,AICM Terminal II,2,1,0,1,0,0,0,0,0,1,1,0,0,0,0,0,0,0,0,0,0
0901500010025,0900500010007,ROMA NORTE,ARAGÓN LA VILLA,2,2,0,0,0,0,0,0,0,0,0,0,0,0,2,0,0,0,0,0,0
0901500010025,0900500010087,ROMA NORTE,VILLA GUSTAVO A. MADERO,1,1,0,0,0,0,0,0,0,0,0,0,0,0,1,0,0,0,0,0,0
0901500010025,0900500010186,ROMA NORTE,7 DE NOVIEMBRE,1,1,0,0,0,0,0,0,0,0,0,0,1,0,0,0,0,0,0,0,0
0901500010025,0901500010007,ROMA NORTE,CENTRO,12,8,0,1,3,1,1,0,0,2,0,0,0,0,0,0,0,1,4,1,2
0901500010025,0901500010009,ROMA NORTE,CONDESA,2,1,0,1,0,0,0,1,0,1,0,0,0,0,0,0,0,0,0,0,0
0901500010025,0901500010016,ROMA NORTE,HIPÓDROMO,5,2,0,1,2,1,1,0,0,1,1,0,1,0,0,0,0,0,0,0,0
0901500010025,0901500010018,ROMA NORTE,JUÁREZ,19,12,5,1,1,4,3,4,1,3,2,0,1,0,0,0,0,0,0,1,0
0901500010025,0901500010024,ROMA NORTE,TABACALERA,1,1,0,0,0,0,0,1,0,0,0,0,0,0,0,0,0,0,0,0,0
0901500010025,0901500010026,ROMA NORTE,ROMA SUR,5,2,0,1,2,1,1,1,1,0,1,0,0,0,0,0,0,0,0,0,0
0901500010025,0901600010056,ROMA NORTE,POLANCO I SECCIÓN,1,1,0,0,0,0,0,0,1,0,0,0,0,0,0,0,0,0,0,0,0
0901500010025,0901600010058,ROMA NORTE,POLANCO III SECCIÓN,2,1,0,1,0,0,0,1,0,0,0,0,0,0,0,0,0,0,0,1,0
0901500010025,0901600010059,ROMA NORTE,POLANCO IV SECCIÓN,1,1,0,0,0,0,0,0,0,0,0,1,0,0,0,0,0,0,0,0,0
0901500010025,0901600010060,ROMA NORTE,POLANCO V SECCIÓN,1,1,0,0,0,0,1,0,0,0,0,0,0,0,0,0,0,0,0,0,0
0901500010025,0901600010085,ROMA NORTE,BOSQUE DE CHAPULTEPEC,5,4,0,1,0,0,0,1,0,1,0,0,0,1,0,0,0,1,0,0,1
0901500010025,GEN_0fdc5f82cfb5,ROMA NORTE,,1,1,0,0,0,0,0,0,0,0,0,0,0,0,0,0,0,0,0,1,0
0901500010025,GEN_9e0c83ddab22,ROMA NORTE,AICM Terminal II,1,1,0,0,0,0,0,0,0,0,0,1,0,0,0,0,0,0,0,0,0
0901500010026,0900300010087,ROMA SUR,PARQUE SAN ANDRÉS,1,1,0,0,0,0,0,0,0,0,0,0,0,1,0,0,0,0,0,0,0
0901500010026,0900300010104,ROMA SUR,EL ROSEDAL,1,1,0,0,0,0,0,0,0,0,0,0,0,0,0,0,1,0,0,0,0
0901500010026,0900400010060,ROMA SUR,SANTA FE CUAJIMALPA,1,1,0,0,0,0,0,0,0,0,0,0,0,0,0,0,0,0,0,0,1
0901500010026,0901000010319,ROMA SUR,SANTA FE CENTRO CIUDAD,1,1,0,0,0,0,0,0,0,0,0,1,0,0,0,0,0,0,0,0,0
0901500010026,0901500010007,ROMA SUR,CENTRO,6,5,0,0,1,0,0,0,1,0,0,1,0,1,0,1,0,2,0,0,0
0901500010026,0901500010016,ROMA SUR,HIPÓDROMO,2,0,0,1,1,0,1,0,0,0,0,0,1,0,0,0,0,0,0,0,0
0901500010026,0901500010018,ROMA SUR,JUÁREZ,2,1,0,1,0,1,1,0,0,0,0,0,0,0,0,0,0,0,0,0,0
0901500010026,0901500010025,ROMA SUR,ROMA NORTE,4,3,0,1,0,1,0,0,1,0,1,0,1,0,0,0,0,0,0,0,0
0901500010026,0901600010057,ROMA SUR,POLANCO II SECCIÓN,1,1,0,0,0,1,0,0,0,0,0,0,0,0,0,0,0,0,0,0,0
0901500010026,0901600010058,ROMA SUR,POLANCO III SECCIÓN,1,0,0,0,1,0,0,0,0,0,0,0,0,0,1,0,0,0,0,0,0
0901500010026,0901600010085,ROMA SUR,BOSQUE DE CHAPULTEPEC,1,1,0,0,0,0,0,0,0,0,0,0,0,0,0,0,0,0,0,1,0
0901500010026,GEN_0fdc5f82cfb5,ROMA SUR,,1,1,0,0,0,1,0,0,0,0,0,0,0,0,0,0,0,0,0,0,0
0901600010010,0900300010054,ANZURES,DEL CARMEN,1,1,0,0,0,0,0,0,0,0,1,0,0,0,0,0,0,0,0,0,0
0901600010010,0901500010007,ANZURES,CENTRO,4,3,1,0,0,0,1,0,2,0,0,0,0,0,0,0,1,0,0,0,0
0901600010010,0901500010013,ANZURES,EX HIPÓDROMO DE PERALVILLO,1,1,0,0,0,0,0,0,0,1,0,0,0,0,0,0,0,0,0,0,0
0901600010010,0901500010017,ANZURES,HIPÓDROMO CONDESA,1,1,0,0,0,1,0,0,0,0,0,0,0,0,0,0,0,0,0,0,0
0901600010010,0901600010057,ANZURES,POLANCO II SECCIÓN,1,0,1,0,0,0,0,0,0,1,0,0,0,0,0,0,0,0,0,0,0
0901600010010,0901600010058,ANZURES,POLANCO III SECCIÓN,1,0,0,1,0,0,0,0,0,0,0,0,0,0,0,0,0,0,0,1,0
0901600010010,0901600010059,ANZURES,POLANCO IV SECCIÓN,2,2,0,0,0,0,1,0,0,0,1,0,0,0,0,0,0,0,0,0,0
0901600010010,0901600010060,ANZURES,POLANCO V SECCIÓN,2,1,0,1,0,0,0,0,0,1,0,0,1,0,0,0,0,0,0,0,0
0901600010010,0901600010085,ANZURES,BOSQUE DE CHAPULTEPEC,1,0,1,0,0,0,0,1,0,0,0,0,0,0,0,0,0,0,0,0,0
0901600010010,GEN_22fa6c7bd720,ANZURES,TAXQUEÑA,1,0,0,0,1,0,0,0,0,0,0,0,1,0,0,0,0,0,0,0,0
0901600010056,0900400010060,POLANCO I SECCIÓN,SANTA FE CUAJIMALPA,1,1,0,0,0,1,0,0,0,0,0,0,0,0,0,0,0,0,0,0,0
0901600010056,0901500010007,POLANCO I SECCIÓN,CENTRO,1,1,0,0,0,0,1,0,0,0,0,0,0,0,0,0,0,0,0,0,0
0901600010056,0901500010018,POLANCO I SECCIÓN,JUÁREZ,1,1,0,0,0,1,0,0,0,0,0,0,0,0,0,0,0,0,0,0,0
0901600010056,0901600010010,POLANCO I SECCIÓN,ANZURES,1,1,0,0,0,0,0,1,0,0,0,0,0,0,0,0,0,0,0,0,0
0901600010056,0901600010060,POLANCO I SECCIÓN,POLANCO V SECCIÓN,1,1,0,0,0,0,0,0,0,1,0,0,0,0,0,0,0,0,0,0,0
0901600010056,0901600010085,POLANCO I SECCIÓN,BOSQUE DE CHAPULTEPEC,1,1,0,0,0,0,0,1,0,0,0,0,0,0,0,0,0,0,0,0,0
0901600010057,0900400010060,POLANCO II SECCIÓN,SANTA FE CUAJIMALPA,1,1,0,0,0,0,0,0,0,1,0,0,0,0,0,0,0,0,0,0,0
0901600010057,0901500010025,POLANCO II SECCIÓN,ROMA NORTE,1,0,0,0,1,0,0,0,0,1,0,0,0,0,0,0,0,0,0,0,0
0901600010057,0901600010056,POLANCO II SECCIÓN,POLANCO I SECCIÓN,1,0,1,0,0,0,0,0,0,0,1,0,0,0,0,0,0,0,0,0,0
0901600010057,0901600010058,POLANCO II SECCIÓN,POLANCO III SECCIÓN,4,2,0,0,2,0,2,0,1,0,0,1,0,0,0,0,0,0,0,0,0
0901600010057,0901600010059,POLANCO II SECCIÓN,POLANCO IV SECCIÓN,2,2,0,0,0,0,1,0,1,0,0,0,0,0,0,0,0,0,0,0,0
0901600010057,0901600010060,POLANCO II SECCIÓN,POLANCO V SECCIÓN,1,1,0,0,0,0,0,0,0,0,0,0,0,0,0,0,1,0,0,0,0
0901600010058,0900500010193,POLANCO III SECCIÓN,TEPEYAC INSURGENTES,2,2,0,0,0,0,0,0,0,0,0,0,0,1,1,0,0,0,0,0,0
0901600010058,0901500010007,POLANCO III SECCIÓN,CENTRO,6,6,0,0,0,1,0,0,0,0,4,0,0,0,0,0,1,0,0,0,0
0901600010058,0901500010010,POLANCO III SECCIÓN,CUAUHTÉMOC,1,1,0,0,0,0,0,0,0,0,0,1,0,0,0,0,0,0,0,0,0
0901600010058,0901500010013,POLANCO III SECCIÓN,EX HIPÓDROMO DE PERALVILLO,1,1,0,0,0,0,0,1,0,0,0,0,0,0,0,0,0,0,0,0,0
0901600010058,0901500010015,POLANCO III SECCIÓN,GUERRERO,2,1,0,1,0,0,0,0,0,1,0,0,1,0,0,0,0,0,0,0,0
0901600010058,0901500010016,POLANCO III SECCIÓN,HIPÓDROMO,1,1,0,0,0,0,1,0,0,0,0,0,0,0,0,0,0,0,0,0,0
0901600010058,0901500010023,POLANCO III SECCIÓN,PERALVILLO,3,3,0,0,0,1,0,1,0,0,0,1,0,0,0,0,0,0,0,0,0
0901600010058,0901500010025,POLANCO III SECCIÓN,ROMA NORTE,2,1,0,0,1,0,0,0,0,0,0,0,0,0,1,1,0,0,0,0,0
0901600010058,0901600010056,POLANCO III SECCIÓN,POLANCO I SECCIÓN,1,0,0,1,0,0,0,0,0,0,0,1,0,0,0,0,0,0,0,0,0
0901600010058,0901600010057,POLANCO III SECCIÓN,POLANCO II SECCIÓN,4,1,0,3,0,1,0,2,0,0,0,0,1,0,0,0,0,0,0,0,0
0901600010058,0901600010059,POLANCO III SECCIÓN,POLANCO IV SECCIÓN,7,7,0,0,0,1,0,0,1,2,0,1,1,1,0,0,0,0,0,0,0
0901600010058,0901600010060,POLANCO III SECCIÓN,POLANCO V SECCIÓN,2,1,1,0,0,1,0,0,0,0,1,0,0,0,0,0,0,0,0,0,0
0901600010058,0901600010085,POLANCO III SECCIÓN,BOSQUE DE CHAPULTEPEC,2,1,0,0,1,1,0,0,0,0,0,0,0,0,0,0,0,1,0,0,0
0901600010059,0900400010060,POLANCO IV SECCIÓN,SANTA FE CUAJIMALPA,2,1,1,0,0,1,0,0,0,1,0,0,0,0,0,0,0,0,0,0,0
0901600010059,0901500010007,POLANCO IV SECCIÓN,CENTRO,3,2,0,1,0,0,0,0,0,0,0,0,0,0,0,1,1,1,0,0,0
0901600010059,0901500010024,POLANCO IV SECCIÓN,TABACALERA,1,1,0,0,0,0,1,0,0,0,0,0,0,0,0,0,0,0,0,0,0
0901600010059,0901600010057,POLANCO IV SECCIÓN,POLANCO II SECCIÓN,2,2,0,0,0,1,1,0,0,0,0,0,0,0,0,0,0,0,0,0,0
0901600010059,0901600010058,POLANCO IV SECCIÓN,POLANCO III SECCIÓN,5,4,1,0,0,1,2,0,1,0,0,1,0,0,0,0,0,0,0,0,0
0901600010059,0901600010060,POLANCO IV SECCIÓN,POLANCO V SECCIÓN,2,2,0,0,0,0,0,1,0,1,0,0,0,0,0,0,0,0,0,0,0
0901600010059,0901600010085,POLANCO IV SECCIÓN,BOSQUE DE CHAPULTEPEC,4,3,1,0,0,2,1,0,0,0,0,0,1,0,0,0,0,0,0,0,0
0901600010060,0900300010054,POLANCO V SECCIÓN,DEL CARMEN,1,1,0,0,0,0,0,0,1,0,0,0,0,0,0,0,0,0,0,0,0
0901600010060,0901500010007,POLANCO V SECCIÓN,CENTRO,1,1,0,0,0,0,0,0,0,0,0,0,0,0,0,0,0,0,1,0,0
0901600010060,0901500010009,POLANCO V SECCIÓN,CONDESA,2,2,0,0,0,0,0,0,0,0,1,0,1,0,0,0,0,0,0,0,0
0901600010060,0901600010059,POLANCO V SECCIÓN,POLANCO IV SECCIÓN,5,5,0,0,0,0,1,2,0,1,0,0,0,0,1,0,0,0,0,0,0
0901600010060,0901600010085,POLANCO V SECCIÓN,BOSQUE DE CHAPULTEPEC,7,4,0,1,2,0,0,0,0,1,0,1,0,0,1,0,0,0,2,2,0
0901600010085,0900400010060,BOSQUE DE CHAPULTEPEC,SANTA FE CUAJIMALPA,1,1,0,0,0,0,0,0,0,0,0,0,0,0,0,1,0,0,0,0,0
0901600010085,0901500010007,BOSQUE DE CHAPULTEPEC,CENTRO,12,9,1,2,0,1,0,0,0,0,0,0,1,0,3,3,1,2,0,0,1
0901600010085,0901500010009,BOSQUE DE CHAPULTEPEC,CONDESA,1,0,0,1,0,1,0,0,0,0,0,0,0,0,0,0,0,0,0,0,0
0901600010085,0901500010015,BOSQUE DE CHAPULTEPEC,GUERRERO,4,3,0,0,1,3,0,0,0,0,0,0,1,0,0,0,0,0,0,0,0
0901600010085,0901500010016,BOSQUE DE CHAPULTEPEC,HIPÓDROMO,1,1,0,0,0,0,0,0,0,0,0,0,1,0,0,0,0,0,0,0,0
0901600010085,0901500010018,BOSQUE DE CHAPULTEPEC,JUÁREZ,1,1,0,0,0,0,0,0,0,0,1,0,0,0,0,0,0,0,0,0,0
0901600010085,0901500010025,BOSQUE DE CHAPULTEPEC,ROMA NORTE,6,4,1,0,1,1,0,0,1,0,0,0,0,0,0,1,0,3,0,0,0
0901600010085,0901500010026,BOSQUE DE CHAPULTEPEC,ROMA SUR,1,1,0,0,0,0,0,0,0,0,0,0,0,0,0,0,1,0,0,0,0
0901600010085,0901600010010,BOSQUE DE CHAPULTEPEC,ANZURES,1,0,0,0,1,0,0,0,1,0,0,0,0,0,0,0,0,0,0,0,0
0901600010085,0901600010058,BOSQUE DE CHAPULTEPEC,POLANCO III SECCIÓN,10,6,2,2,0,1,1,0,0,0,0,0,1,1,0,0,3,0,0,3,0
0901600010085,0901600010059,BOSQUE DE CHAPULTEPEC,POLANCO IV SECCIÓN,4,3,0,1,0,0,0,1,0,1,0,1,1,0,0,0,0,0,0,0,0
0901600010085,0901600010060,BOSQUE DE CHAPULTEPEC,POLANCO V SECCIÓN,2,1,0,1,0,1,0,0,0,0,0,0,0,0,0,0,0,0,0,0,1
0901600010085,GEN_5e552dba4dcd,BOSQUE DE CHAPULTEPEC,Central del Norte,1,1,0,0,0,0,0,0,0,0,0,0,0,0,0,0,0,1,0,0,0
GEN_0fdc5f82cfb5,0900300010007,,AVANTE,1,1,0,0,0,0,1,0,0,0,0,0,0,0,0,0,0,0,0,0,0
GEN_0fdc5f82cfb5,0900300010008,,LA CONCEPCIÓN,1,0,0,0,1,0,1,0,0,0,0,0,0,0,0,0,0,0,0,0,0
GEN_0fdc5f82cfb5,0900300010023,,LA CANDELARIA,1,1,0,0,0,1,0,0,0,0,0,0,0,0,0,0,0,0,0,0,0
GEN_0fdc5f82cfb5,0900300010097,,DE LOS REYES,1,0,1,0,0,0,0,1,0,0,0,0,0,0,0,0,0,0,0,0,0
GEN_0fdc5f82cfb5,0900300010099,,DE SANTA ÚRSULA COAPA,1,0,0,1,0,0,0,0,0,0,1,0,0,0,0,0,0,0,0,0,0
GEN_0fdc5f82cfb5,0901500010007,,CENTRO,3,3,0,0,0,0,1,2,0,0,0,0,0,0,0,0,0,0,0,0,0
GEN_0fdc5f82cfb5,0901500010009,,CONDESA,1,0,0,0,1,0,0,0,0,0,0,0,0,0,0,0,0,0,1,0,0
GEN_0fdc5f82cfb5,0901500010018,,JUÁREZ,1,1,0,0,0,0,0,0,0,0,0,0,0,0,0,0,0,1,0,0,0
GEN_0fdc5f82cfb5,0901500010025,,ROMA NORTE,2,1,0,0,1,0,1,0,0,0,0,0,0,0,0,0,0,0,0,0,1
GEN_0fdc5f82cfb5,0901600010085,,BOSQUE DE CHAPULTEPEC,1,1,0,0,0,0,0,0,0,0,0,0,0,0,0,0,0,0,0,1,0
GEN_22fa6c7bd720,0900300010006,TAXQUEÑA,ATLÁNTIDA,1,1,0,0,0,0,0,0,0,0,0,1,0,0,0,0,0,0,0,0,0
GEN_22fa6c7bd720,0900300010054,TAXQUEÑA,DEL CARMEN,1,1,0,0,0,0,0,0,0,1,0,0,0,0,0,0,0,0,0,0,0
GEN_22fa6c7bd720,0900300010097,TAXQUEÑA,DE LOS REYES,1,0,0,0,1,0,0,0,0,0,0,1,0,0,0,0,0,0,0,0,0
GEN_22fa6c7bd720,0900300010099,TAXQUEÑA,DE SANTA ÚRSULA COAPA,1,1,0,0,0,0,0,0,0,1,0,0,0,0,0,0,0,0,0,0,0
GEN_22fa6c7bd720,0900300010104,TAXQUEÑA,EL ROSEDAL,1,1,0,0,0,0,0,0,0,0,0,0,0,0,0,0,0,0,1,0,0
GEN_22fa6c7bd720,0901500010007,TAXQUEÑA,CENTRO,2,2,0,0,0,0,0,0,0,0,0,0,0,0,1,1,0,0,0,0,0
GEN_4245ade3f1ac,0901600010085,TAPO,BOSQUE DE CHAPULTEPEC,1,1,0,0,0,0,1,0,0,0,0,0,0,0,0,0,0,0,0,0,0
GEN_5e552dba4dcd,0901600010085,Central del Norte,BOSQUE DE CHAPULTEPEC,1,0,0,1,0,0,0,0,0,0,0,0,0,0,0,0,0,0,1,0,0
GEN_8df52115a76b,0900300010114,AICM Terminal I,VILLA COYOACÁN,2,0,0,0,2,0,0,1,0,0,0,1,0,0,0,0,0,0,0,0,0
GEN_8df52115a76b,GEN_22fa6c7bd720,AICM Terminal I,TAXQUEÑA,1,0,0,0,1,1,0,0,0,0,0,0,0,0,0,0,0,0,0,0,0
GEN_8df52115a76b,GEN_3f2df81cdecf,AICM Terminal I,Observatorio,1,1,0,0,0,0,0,1,0,0,0,0,0,0,0,0,0,0,0,0,0
GEN_8df52115a76b,GEN_9e0c83ddab22,AICM Terminal I,AICM Terminal II,3,0,1,2,0,0,1,1,0,0,0,0,1,0,0,0,0,0,0,0,0
GEN_9e0c83ddab22,0900300010054,AICM Terminal II,DEL CARMEN,1,1,0,0,0,0,0,0,0,0,0,1,0,0,0,0,0,0,0,0,0
GEN_9e0c83ddab22,0900500010186,AICM Terminal II,7 DE NOVIEMBRE,1,0,0,1,0,0,0,1,0,0,0,0,0,0,0,0,0,0,0,0,0
GEN_9e0c83ddab22,0901500010018,AICM Terminal II,JUÁREZ,1,0,0,1,0,0,0,0,1,0,0,0,0,0,0,0,0,0,0,0,0
GEN_9e0c83ddab22,0901500010025,AICM Terminal II,ROMA NORTE,2,2,0,0,0,0,0,0,0,0,0,0,0,0,0,0,0,0,0,0,2
GEN_9e0c83ddab22,0901600010010,AICM Terminal II,ANZURES,1,0,0,0,1,0,0,0,0,0,1,0,0,0,0,0,0,0,0,0,0
GEN_9e0c83ddab22,0901600010059,AICM Terminal II,POLANCO IV SECCIÓN,1,0,0,0,1,0,1,0,0,0,0,0,0,0,0,0,0,0,0,0,0
GEN_9e0c83ddab22,GEN_5e552dba4dcd,AICM Terminal II,Central del Norte,1,0,0,0,1,1,0,0,0,0,0,0,0,0,0,0,0,0,0,0,0
GEN_9e0c83ddab22,GEN_8df52115a76b,AICM Terminal II,AICM Terminal I,5,4,0,0,1,0,1,1,0,2,0,1,0,0,0,0,0,0,0,0,0
GEN_cfb2e3c7d056,0900300010099,,DE SANTA ÚRSULA COAPA,1,1,0,0,0,1,0,0,0,0,0,0,0,0,0,0,0,0,0,0,0
GEN_cfb2e3c7d056,0901500010010,,CUAUHTÉMOC,1,1,0,0,0,0,1,0,0,0,0,0,0,0,0,0,0,0,0,0,0
